ID,Area,Priority,Status,Environment,Evidence,Issue
START-UI-001,"01 START / Main Menu / New Game",Critical,Not Run,,,
START-FLOW-002,"01 START / Main Menu / New Game",Critical,Not Run,,,
START-SAVE-003,"01 START / Main Menu / New Game",High,Not Run,,,
START-CONFIRM-004,"01 START / Main Menu / New Game",High,Not Run,,,
START-LOOK-005,"01 START / Main Menu / New Game",Medium,Not Run,,,
START-INSTALL-006,"01 START / Main Menu / New Game",Medium,Not Run,,,
TUTORIAL-FLOW-001,"02 Tutorial / First Minutes",Critical,Not Run,,,
TUTORIAL-RELOAD-002,"02 Tutorial / First Minutes",High,Not Run,,,
TUTORIAL-WEAPON-003,"02 Tutorial / First Minutes",High,Not Run,,,
TUTORIAL-QUEUE-004,"02 Tutorial / First Minutes",Medium,Not Run,,,
TUTORIAL-MOBILE-005,"02 Tutorial / First Minutes",Critical,Not Run,,,
TUTORIAL-RESET-006,"02 Tutorial / First Minutes",Low,Not Run,,,
COMBAT-SINGLE-001,"03 Core Combat",Critical,Not Run,,,
COMBAT-CROWD-002,"03 Core Combat",Critical,Not Run,,,
COMBAT-DOOR-003,"03 Core Combat",High,Not Run,,,
COMBAT-WALL-004,"03 Core Combat",High,Not Run,,,
COMBAT-HEAD-005,"03 Core Combat",High,Not Run,,,
COMBAT-KNOCK-006,"03 Core Combat",Medium,Not Run,,,
COMBAT-RELOAD-007,"03 Core Combat",High,Not Run,,,
COMBAT-COMBO-008,"03 Core Combat",Medium,Not Run,,,
COMBAT-EMPTY-009,"03 Core Combat",High,Not Run,,,
COMBAT-FEEL-010,"03 Core Combat",Medium,Not Run,,,
WEAPON-PISTOL-001,"04 Weapons",High,Not Run,,,
WEAPON-PISTOL-002,"04 Weapons",High,Not Run,,,
WEAPON-SMG-001,"04 Weapons",High,Not Run,,,
WEAPON-SMG-002,"04 Weapons",High,Not Run,,,
WEAPON-SHOTGUN-001,"04 Weapons",High,Not Run,,,
WEAPON-SHOTGUN-002,"04 Weapons",High,Not Run,,,
WEAPON-RIFLE-001,"04 Weapons",High,Not Run,,,
WEAPON-RIFLE-002,"04 Weapons",High,Not Run,,,
WEAPON-MACHINEGUN-001,"04 Weapons",High,Not Run,,,
WEAPON-MACHINEGUN-002,"04 Weapons",High,Not Run,,,
WEAPON-GRENADE-001,"04 Weapons",High,Not Run,,,
WEAPON-GRENADE-002,"04 Weapons",High,Not Run,,,
WEAPON-FLAME-001,"04 Weapons",High,Not Run,,,
WEAPON-FLAME-002,"04 Weapons",High,Not Run,,,
WEAPON-MINIGUN-001,"04 Weapons",High,Not Run,,,
WEAPON-MINIGUN-002,"04 Weapons",High,Not Run,,,
WEAPON-LASER-001,"04 Weapons",High,Not Run,,,
WEAPON-SWITCH-001,"04 Weapons",High,Not Run,,,
WEAPON-SAFE-001,"04 Weapons",High,Not Run,,,
ENEMY-NORMAL-001,"05 Enemy Types",High,Not Run,,,
ENEMY-FAST-001,"05 Enemy Types",High,Not Run,,,
ENEMY-FAT-001,"05 Enemy Types",High,Not Run,,,
ENEMY-SPITTER-001,"05 Enemy Types",High,Not Run,,,
ENEMY-ARMORED-001,"05 Enemy Types",High,Not Run,,,
ENEMY-EXPLODER-001,"05 Enemy Types",High,Not Run,,,
ENEMY-CHICK-001,"05 Enemy Types",High,Not Run,,,
ENEMY-JUMPER-001,"05 Enemy Types",High,Not Run,,,
ENEMY-AI-001,"05 Enemy Types",High,Not Run,,,
ENEMY-SPAWN-002,"05 Enemy Types",High,Not Run,,,
ENEMY-DEATH-003,"05 Enemy Types",Medium,Not Run,,,
NPC-RESCUE-001,"06 NPC / Rescue / Escort / Companions",Critical,Not Run,,,
NPC-ESCORT-002,"06 NPC / Rescue / Escort / Companions",High,Not Run,,,
NPC-FOLLOW-003,"06 NPC / Rescue / Escort / Companions",High,Not Run,,,
NPC-COMBAT-004,"06 NPC / Rescue / Escort / Companions",High,Not Run,,,
NPC-SEPARATE-005,"06 NPC / Rescue / Escort / Companions",High,Not Run,,,
NPC-TRANSITION-006,"06 NPC / Rescue / Escort / Companions",High,Not Run,,,
MUTATION-VISUAL-001,"07 NPC Mutation",High,Not Run,,,
MUTATION-COMBAT-002,"07 NPC Mutation",High,Not Run,,,
MUTATION-DROP-003,"07 NPC Mutation",Critical,Not Run,,,
MUTATION-WALL-004,"07 NPC Mutation",High,Not Run,,,
MUTATION-NETWORK-005,"07 NPC Mutation",High,Not Run,,,
MUTATION-REJOIN-006,"07 NPC Mutation",High,Not Run,,,
MUTATION-MULTI-007,"07 NPC Mutation",Medium,Not Run,,,
MUTATION-TRANSITION-008,"07 NPC Mutation",High,Not Run,,,
SUPPORT-AMMO-001,"08 Support / One-button Interaction",High,Not Run,,,
SUPPORT-HEAL-002,"08 Support / One-button Interaction",High,Not Run,,,
SUPPORT-SELF-003,"08 Support / One-button Interaction",High,Not Run,,,
SUPPORT-REVIVE-004,"08 Support / One-button Interaction",Critical,Not Run,,,
SUPPORT-CANCEL-005,"08 Support / One-button Interaction",High,Not Run,,,
SUPPORT-MOVE-006,"08 Support / One-button Interaction",High,Not Run,,,
SUPPORT-LOS-007,"08 Support / One-button Interaction",Critical,Not Run,,,
SUPPORT-RANGE-008,"08 Support / One-button Interaction",High,Not Run,,,
SUPPORT-PRIORITY-009,"08 Support / One-button Interaction",High,Not Run,,,
SUPPORT-TWO-010,"08 Support / One-button Interaction",High,Not Run,,,
SUPPORT-NONE-011,"08 Support / One-button Interaction",Medium,Not Run,,,
SUPPORT-HIT-012,"08 Support / One-button Interaction",High,Not Run,,,
OBJECTIVE-FLOW-001,"09 Objectives and Navigation",Critical,Not Run,,,
OBJECTIVE-NAV-002,"09 Objectives and Navigation",High,Not Run,,,
OBJECTIVE-MULTI-003,"09 Objectives and Navigation",High,Not Run,,,
OBJECTIVE-KEY-004,"09 Objectives and Navigation",High,Not Run,,,
OBJECTIVE-UX-005,"09 Objectives and Navigation",Medium,Not Run,,,
OFFICE-FLOW-001,"10 Campaign / Locations",Critical,Not Run,,,
OFFICE-COMBAT-002,"10 Campaign / Locations",High,Not Run,,,
OFFICE-VISUAL-003,"10 Campaign / Locations",High,Not Run,,,
OFFICE7-FLOW-001,"10 Campaign / Locations",Critical,Not Run,,,
OFFICE7-ESCORT-002,"10 Campaign / Locations",High,Not Run,,,
OFFICE7-ORDER-003,"10 Campaign / Locations",High,Not Run,,,
OFFICE8-SOLO-001,"10 Campaign / Locations",Critical,Not Run,,,
OFFICE8-COOP-002,"10 Campaign / Locations",High,Not Run,,,
OFFICE8-DROP-003,"10 Campaign / Locations",Critical,Not Run,,,
OFFICE8-SLEEP-004,"10 Campaign / Locations",High,Not Run,,,
OFFICE8-HORROR-005,"10 Campaign / Locations",High,Not Run,,,
OFFICE11-VISAS-001,"10 Campaign / Locations",Critical,Not Run,,,
OFFICE11-ESCORT-002,"10 Campaign / Locations",High,Not Run,,,
OFFICE11-MEETING-003,"10 Campaign / Locations",High,Not Run,,,
CAFE12-FLOW-001,"10 Campaign / Locations",High,Not Run,,,
CAFE12-TEAM-002,"10 Campaign / Locations",High,Not Run,,,
STREET1-DEFENSE-001,"10 Campaign / Locations",Critical,Not Run,,,
STREET1-SIDE-002,"10 Campaign / Locations",Medium,Not Run,,,
STREET1-JUMPER-003,"10 Campaign / Locations",High,Not Run,,,
STREET2-MARKET-001,"10 Campaign / Locations",High,Not Run,,,
STREET2-ESCORT-002,"10 Campaign / Locations",High,Not Run,,,
STREET2-GATE-003,"10 Campaign / Locations",Critical,Not Run,,,
FACTORY-VALVES-001,"10 Campaign / Locations",Critical,Not Run,,,
FACTORY-COMBAT-002,"10 Campaign / Locations",High,Not Run,,,
FACTORY-NPC-003,"10 Campaign / Locations",High,Not Run,,,
LAB-LIGHTING-001,"10 Campaign / Locations",High,Not Run,,,
LAB-DOORS-002,"10 Campaign / Locations",Critical,Not Run,,,
LAB-RESCUE-003,"10 Campaign / Locations",Critical,Not Run,,,
LAB-GENERATOR-004,"10 Campaign / Locations",High,Not Run,,,
BOSS-FLOW-001,"10 Campaign / Locations",Critical,Not Run,,,
BOSS-SUPPLY-002,"10 Campaign / Locations",High,Not Run,,,
BOSS-VICTORY-003,"10 Campaign / Locations",Critical,Not Run,,,
ARENA-SANDBOX-001,"10 Campaign / Locations",Medium,Not Run,,,
PICKUP-AMMO-001,"11 Pickups and Buffs",High,Not Run,,,
PICKUP-HEALTH-002,"11 Pickups and Buffs",High,Not Run,,,
BUFF-INVINCIBLE-003,"11 Pickups and Buffs",High,Not Run,,,
BUFF-DAMAGE-004,"11 Pickups and Buffs",High,Not Run,,,
BUFF-INFINITE-005,"11 Pickups and Buffs",High,Not Run,,,
BUFF-SPRINT-006,"11 Pickups and Buffs",Medium,Not Run,,,
HUD-COMBAT-001,"12 HUD",High,Not Run,,,
HUD-MOBILE-002,"12 HUD",High,Not Run,,,
HUD-TEAM-003,"12 HUD",High,Not Run,,,
HUD-NOTIFICATION-004,"12 HUD",Medium,Not Run,,,
HUD-BONUS-005,"12 HUD",Medium,Not Run,,,
MENU-PAUSE-001,"13 Pause / Settings / Menus",High,Not Run,,,
MENU-SETTINGS-002,"13 Pause / Settings / Menus",Medium,Not Run,,,
MENU-INPUT-003,"13 Pause / Settings / Menus",High,Not Run,,,
MENU-HELP-004,"13 Pause / Settings / Menus",Medium,Not Run,,,
DEATH-SOLO-001,"14 Game Over / Death / Restart",Critical,Not Run,,,
DEATH-COOP-002,"14 Game Over / Death / Restart",Critical,Not Run,,,
DEATH-RETURN-003,"14 Game Over / Death / Restart",High,Not Run,,,
DEATH-WIPE-004,"14 Game Over / Death / Restart",Critical,Not Run,,,
RESTART-STATE-005,"14 Game Over / Death / Restart",High,Not Run,,,
DEATH-RACE-006,"14 Game Over / Death / Restart",High,Not Run,,,
PROGRESS-ORDER-001,"15 Level Complete / Progression",Critical,Not Run,,,
PROGRESS-STATE-002,"15 Level Complete / Progression",High,Not Run,,,
PROGRESS-DOUBLE-003,"15 Level Complete / Progression",High,Not Run,,,
PROGRESS-TEAM-004,"15 Level Complete / Progression",High,Not Run,,,
PROGRESS-SAVE-005,"15 Level Complete / Progression",High,Not Run,,,
PROGRESS-RECONNECT-006,"15 Level Complete / Progression",Critical,Not Run,,,
PROGRESS-COMPANION-007,"15 Level Complete / Progression",High,Not Run,,,
PROGRESS-VICTORY-008,"15 Level Complete / Progression",High,Not Run,,,
LOBBY-CREATE-001,"16 Multiplayer Lobby",Critical,Not Run,,,
LOBBY-LIMIT-002,"16 Multiplayer Lobby",High,Not Run,,,
LOBBY-HOST-003,"16 Multiplayer Lobby",High,Not Run,,,
LOBBY-PROFILE-004,"16 Multiplayer Lobby",Medium,Not Run,,,
LOBBY-SAVED-005,"16 Multiplayer Lobby",High,Not Run,,,
LOBBY-REJOIN-006,"16 Multiplayer Lobby",High,Not Run,,,
LOBBY-LATE-007,"16 Multiplayer Lobby",High,Not Run,,,
LOBBY-CODE-008,"16 Multiplayer Lobby",Medium,Not Run,,,
MP-MOVE-001,"17 Multiplayer Gameplay",Critical,Not Run,,,
MP-KILL-002,"17 Multiplayer Gameplay",High,Not Run,,,
MP-PICKUP-003,"17 Multiplayer Gameplay",High,Not Run,,,
MP-NPC-004,"17 Multiplayer Gameplay",High,Not Run,,,
MP-SUPPORT-005,"17 Multiplayer Gameplay",Critical,Not Run,,,
MP-OBJECTIVE-006,"17 Multiplayer Gameplay",High,Not Run,,,
MP-SPECTATE-007,"17 Multiplayer Gameplay",High,Not Run,,,
MP-BOSS-008,"17 Multiplayer Gameplay",High,Not Run,,,
MP-PAUSE-009,"17 Multiplayer Gameplay",High,Not Run,,,
MP-LATENCY-010,"17 Multiplayer Gameplay",High,Not Run,,,
MP-RECONNECT-001,"18 Reconnect / Network Edge Cases",Critical,Not Run,,,
MP-RECONNECT-002,"18 Reconnect / Network Edge Cases",High,Not Run,,,
MP-RECONNECT-003,"18 Reconnect / Network Edge Cases",High,Not Run,,,
MP-RECONNECT-004,"18 Reconnect / Network Edge Cases",High,Not Run,,,
MP-RECONNECT-005,"18 Reconnect / Network Edge Cases",High,Not Run,,,
MP-RECONNECT-006,"18 Reconnect / Network Edge Cases",High,Not Run,,,
MP-RECONNECT-007,"18 Reconnect / Network Edge Cases",High,Not Run,,,
MP-RECONNECT-008,"18 Reconnect / Network Edge Cases",High,Not Run,,,
TG-LAUNCH-001,"19 Telegram Integration",Critical,Not Run,,,
TG-ROOM-002,"19 Telegram Integration",High,Not Run,,,
TG-BACK-003,"19 Telegram Integration",High,Not Run,,,
TG-HANDOFF-004,"19 Telegram Integration",High,Not Run,,,
TG-HAPTIC-005,"19 Telegram Integration",Medium,Not Run,,,
TG-SUMMON-006,"19 Telegram Integration",Low,Not Run,,,
MOBILE-MOVE-001,"20 Mobile Controls",Critical,Not Run,,,
MOBILE-AIM-002,"20 Mobile Controls",Critical,Not Run,,,
MOBILE-COMBAT-003,"20 Mobile Controls",Critical,Not Run,,,
MOBILE-INTERACT-004,"20 Mobile Controls",High,Not Run,,,
MOBILE-RELOAD-005,"20 Mobile Controls",High,Not Run,,,
MOBILE-CANCEL-006,"20 Mobile Controls",High,Not Run,,,
MOBILE-ROTATE-007,"20 Mobile Controls",High,Not Run,,,
MOBILE-LEFT-008,"20 Mobile Controls",Medium,Not Run,,,
MOBILE-EDGE-009,"20 Mobile Controls",High,Not Run,,,
MOBILE-FEEL-010,"20 Mobile Controls",Medium,Not Run,,,
RESP-MENU-001,"21 Responsive / Viewports",High,Not Run,,,
RESP-HUD-002,"21 Responsive / Viewports",High,Not Run,,,
RESP-OVERLAY-003,"21 Responsive / Viewports",High,Not Run,,,
RESP-RESIZE-004,"21 Responsive / Viewports",Medium,Not Run,,,
VISUAL-DEPTH-001,"22 Visual 2.5D Quality",High,Not Run,,,
VISUAL-OCCLUSION-002,"22 Visual 2.5D Quality",High,Not Run,,,
VISUAL-WEAPON-003,"22 Visual 2.5D Quality",High,Not Run,,,
VISUAL-ANIMATION-004,"22 Visual 2.5D Quality",Medium,Not Run,,,
VISUAL-MUTANT-005,"22 Visual 2.5D Quality",High,Not Run,,,
VISUAL-SCALE-006,"22 Visual 2.5D Quality",Medium,Not Run,,,
PERF-CROWD-001,"23 Performance During Real Gameplay",High,Not Run,,,
PERF-FX-002,"23 Performance During Real Gameplay",High,Not Run,,,
PERF-MOBILE-003,"23 Performance During Real Gameplay",High,Not Run,,,
PERF-TRANSITION-004,"23 Performance During Real Gameplay",Medium,Not Run,,,
PERF-NET-005,"23 Performance During Real Gameplay",High,Not Run,,,
INCIDENT-ALARM-001,"10 Campaign / Optional incidents",High,Not Run,,,
INCIDENT-CACHE-002,"10 Campaign / Optional incidents",High,Not Run,,,
INCIDENT-COFFEE-003,"10 Campaign / Optional incidents",Medium,Not Run,,,